Date,CO2
9/1/1958,315.05
9/8/1958,
9/15/1958,315.83
9/22/1958,316.29
9/29/1958,316.47
10/6/1958,316.8
10/13/1958,317.29
10/20/1958,317.49
10/27/1958,317.62
11/3/1958,317.93
11/10/1958,318.0
11/17/1958,318.14
11/24/1958,318.3
12/1/1958,318.13
12/8/1958,318.16
12/15/1958,318.23
12/22/1958,318.11
12/29/1958,318.12
1/5/1959,317.84
1/12/1959,317.59
1/19/1959,317.65
1/26/1959,317.23
2/2/1959,
2/9/1959,
2/16/1959,316.29
2/23/1959,316.03
3/2/1959,315.56
3/9/1959,315.38
3/16/1959,314.95
3/23/1959,314.66
3/30/1959,314.33
4/6/1959,314.29
4/13/1959,313.84
4/20/1959,313.5
4/27/1959,313.48
5/4/1959,313.11
5/11/1959,313.13
5/18/1959,
5/25/1959,312.84
6/1/1959,312.99
6/8/1959,
6/15/1959,313.11
6/22/1959,313.21
6/29/1959,313.36
7/6/1959,313.45
7/13/1959,313.77
7/20/1959,314.07
7/27/1959,314.52
8/3/1959,
8/10/1959,314.92
8/17/1959,315.5
8/24/1959,315.81
8/31/1959,316.16
9/7/1959,316.68
9/14/1959,317.1
9/21/1959,317.46
9/28/1959,317.64
10/5/1959,318.03
10/12/1959,318.41
10/19/1959,318.76
10/26/1959,318.87
11/2/1959,319.12
11/9/1959,319.21
11/16/1959,319.34
11/23/1959,319.64
11/30/1959,319.75
12/7/1959,319.62
12/14/1959,319.7
12/21/1959,319.56
12/28/1959,319.35
1/4/1960,319.3
1/11/1960,319.23
1/18/1960,318.85
1/25/1960,318.75
2/1/1960,318.06
2/8/1960,318.1
2/15/1960,317.71
2/22/1960,317.34
2/29/1960,317.05
3/7/1960,
3/14/1960,
3/21/1960,316.08
3/28/1960,315.89
4/4/1960,
4/11/1960,315.1
4/18/1960,314.89
4/25/1960,314.83
5/2/1960,314.6
5/9/1960,
5/16/1960,314.38
5/23/1960,314.29
5/30/1960,314.37
6/6/1960,314.23
6/13/1960,314.35
6/20/1960,314.46
6/27/1960,314.51
7/4/1960,314.89
7/11/1960,315.12
7/18/1960,315.36
7/25/1960,315.64
8/1/1960,315.85
8/8/1960,316.29
8/15/1960,316.67
8/22/1960,317.0
8/29/1960,317.45
9/5/1960,317.89
9/12/1960,318.42
9/19/1960,318.62
9/26/1960,318.99
10/3/1960,319.3
10/10/1960,319.43
10/17/1960,319.91
10/24/1960,320.18
10/31/1960,320.65
11/7/1960,320.57
11/14/1960,320.77
11/21/1960,320.84
11/28/1960,320.79
12/5/1960,321.05
12/12/1960,320.98
12/19/1960,320.92
12/26/1960,320.65
1/2/1961,320.73
1/9/1961,320.27
1/16/1961,320.25
1/23/1961,320.16
1/30/1961,
2/6/1961,319.32
2/13/1961,319.07
2/20/1961,318.68
2/27/1961,318.25
3/6/1961,318.07
3/13/1961,
3/20/1961,317.45
3/27/1961,317.0
4/3/1961,316.95
4/10/1961,316.45
4/17/1961,316.25
4/24/1961,316.15
5/1/1961,315.77
5/8/1961,315.77
5/15/1961,315.78
5/22/1961,315.43
5/29/1961,315.59
6/5/1961,315.62
6/12/1961,315.74
6/19/1961,315.65
6/26/1961,315.79
7/3/1961,316.17
7/10/1961,316.38
7/17/1961,316.64
7/24/1961,316.94
7/31/1961,317.16
8/7/1961,317.6
8/14/1961,317.96
8/21/1961,318.24
8/28/1961,
9/4/1961,319.13
9/11/1961,319.34
9/18/1961,319.9
9/25/1961,320.1
10/2/1961,320.63
10/9/1961,320.99
10/16/1961,321.09
10/23/1961,321.53
10/30/1961,321.71
11/6/1961,321.94
11/13/1961,
11/20/1961,322.11
11/27/1961,322.13
12/4/1961,322.14
12/11/1961,322.14
12/18/1961,322.15
12/25/1961,
1/1/1962,321.95
1/8/1962,321.83
1/15/1962,321.53
1/22/1962,321.44
1/29/1962,320.99
2/5/1962,321.0
2/12/1962,320.48
2/19/1962,320.01
2/26/1962,319.65
3/5/1962,319.47
3/12/1962,319.07
3/19/1962,318.83
3/26/1962,318.5
4/2/1962,318.14
4/9/1962,317.79
4/16/1962,317.47
4/23/1962,
4/30/1962,317.31
5/7/1962,317.09
5/14/1962,316.84
5/21/1962,316.91
5/28/1962,316.91
6/4/1962,316.8
6/11/1962,
6/18/1962,
6/25/1962,317.08
7/2/1962,317.42
7/9/1962,317.66
7/16/1962,317.97
7/23/1962,318.26
7/30/1962,318.33
8/6/1962,318.72
8/13/1962,319.22
8/20/1962,319.59
8/27/1962,
9/3/1962,320.7
9/10/1962,320.75
9/17/1962,321.19
9/24/1962,
10/1/1962,321.85
10/8/1962,322.08
10/15/1962,322.49
10/22/1962,322.61
10/29/1962,322.9
11/5/1962,323.08
11/12/1962,323.3
11/19/1962,323.65
11/26/1962,323.31
12/3/1962,
12/10/1962,323.36
12/17/1962,323.43
12/24/1962,323.49
12/31/1962,323.25
1/7/1963,322.97
1/14/1963,322.8
1/21/1963,322.7
1/28/1963,
2/4/1963,322.1
2/11/1963,321.78
2/18/1963,
2/25/1963,321.33
3/4/1963,320.85
3/11/1963,320.25
3/18/1963,320.14
3/25/1963,319.74
4/1/1963,
4/8/1963,319.14
4/15/1963,318.96
4/22/1963,318.79
4/29/1963,318.64
5/6/1963,318.28
5/13/1963,318.25
5/20/1963,318.16
5/27/1963,318.1
6/3/1963,318.36
6/10/1963,318.27
6/17/1963,318.2
6/24/1963,318.56
7/1/1963,318.86
7/8/1963,318.97
7/15/1963,318.96
7/22/1963,319.35
7/29/1963,319.84
8/5/1963,319.98
8/12/1963,320.45
8/19/1963,320.85
8/26/1963,321.06
9/2/1963,321.54
9/9/1963,321.6
9/16/1963,
9/23/1963,322.65
9/30/1963,322.9
10/7/1963,323.52
10/14/1963,323.52
10/21/1963,323.9
10/28/1963,324.2
11/4/1963,324.54
11/11/1963,
11/18/1963,324.81
11/25/1963,324.78
12/2/1963,324.73
12/9/1963,324.87
12/16/1963,324.8
12/23/1963,324.64
12/30/1963,324.58
1/6/1964,324.37
1/13/1964,324.22
1/20/1964,324.05
1/27/1964,323.88
2/3/1964,323.31
2/10/1964,323.34
2/17/1964,322.61
2/24/1964,322.46
3/2/1964,322.2
3/9/1964,321.84
3/16/1964,321.42
3/23/1964,321.14
3/30/1964,320.81
4/6/1964,320.51
4/13/1964,320.4
4/20/1964,320.12
4/27/1964,319.81
5/4/1964,319.81
5/11/1964,319.63
5/18/1964,319.59
5/25/1964,319.54
6/1/1964,319.39
6/8/1964,319.46
6/15/1964,319.68
6/22/1964,319.8
6/29/1964,319.91
7/6/1964,320.13
7/13/1964,
7/20/1964,320.59
7/27/1964,
8/3/1964,321.27
8/10/1964,321.62
8/17/1964,322.12
8/24/1964,322.47
8/31/1964,322.85
9/7/1964,323.29
9/14/1964,323.54
9/21/1964,323.98
9/28/1964,324.23
10/5/1964,
10/12/1964,324.9
10/19/1964,325.2
10/26/1964,325.51
11/2/1964,325.58
11/9/1964,326.05
11/16/1964,325.87
11/23/1964,325.95
11/30/1964,326.24
12/7/1964,326.21
12/14/1964,326.16
12/21/1964,326.08
12/28/1964,325.9
1/4/1965,325.65
1/11/1965,325.56
1/18/1965,325.26
1/25/1965,325.17
2/1/1965,324.77
2/8/1965,324.4
2/15/1965,324.14
2/22/1965,323.88
3/1/1965,323.45
3/8/1965,323.09
3/15/1965,322.86
3/22/1965,322.54
3/29/1965,322.16
4/5/1965,321.87
4/12/1965,321.68
4/19/1965,
4/26/1965,321.07
5/3/1965,320.97
5/10/1965,320.89
5/17/1965,320.86
5/24/1965,320.92
5/31/1965,320.86
6/7/1965,320.79
6/14/1965,320.89
6/21/1965,320.91
6/28/1965,321.18
7/5/1965,321.35
7/12/1965,321.65
7/19/1965,321.81
7/26/1965,322.25
8/2/1965,322.68
8/9/1965,322.86
8/16/1965,323.28
8/23/1965,323.69
8/30/1965,323.96
9/6/1965,324.41
9/13/1965,324.77
9/20/1965,325.15
9/27/1965,325.43
10/4/1965,325.84
10/11/1965,326.21
10/18/1965,326.59
10/25/1965,326.8
11/1/1965,327.14
11/8/1965,327.03
11/15/1965,327.34
11/22/1965,
11/29/1965,327.63
12/6/1965,327.35
12/13/1965,327.32
12/20/1965,327.27
12/27/1965,327.01
1/3/1966,327.02
1/10/1966,326.81
1/17/1966,326.68
1/24/1966,326.45
1/31/1966,326.33
2/7/1966,325.94
2/14/1966,325.47
2/21/1966,325.11
2/28/1966,324.91
3/7/1966,324.4
3/14/1966,
3/21/1966,323.99
3/28/1966,323.51
4/4/1966,
4/11/1966,323.14
4/18/1966,
4/25/1966,322.67
5/2/1966,322.21
5/9/1966,
5/16/1966,322.14
5/23/1966,
5/30/1966,322.02
6/6/1966,322.16
6/13/1966,322.07
6/20/1966,322.27
6/27/1966,322.46
7/4/1966,322.69
7/11/1966,322.95
7/18/1966,323.03
7/25/1966,323.29
8/1/1966,323.89
8/8/1966,324.14
8/15/1966,324.4
8/22/1966,325.01
8/29/1966,325.25
9/5/1966,325.74
9/12/1966,326.01
9/19/1966,326.58
9/26/1966,326.92
10/3/1966,327.06
10/10/1966,327.5
10/17/1966,327.76
10/24/1966,
10/31/1966,328.09
11/7/1966,328.45
11/14/1966,328.64
11/21/1966,328.47
11/28/1966,328.59
12/5/1966,328.53
12/12/1966,328.69
12/19/1966,328.72
12/26/1966,328.7
1/2/1967,328.41
1/9/1967,328.39
1/16/1967,327.87
1/23/1967,327.59
1/30/1967,327.48
2/6/1967,327.23
2/13/1967,
2/20/1967,326.35
2/27/1967,326.22
3/6/1967,325.76
3/13/1967,325.62
3/20/1967,325.27
3/27/1967,324.82
4/3/1967,324.57
4/10/1967,324.24
4/17/1967,324.09
4/24/1967,323.98
5/1/1967,323.6
5/8/1967,323.61
5/15/1967,323.4
5/22/1967,
5/29/1967,323.36
6/5/1967,323.29
6/12/1967,323.4
6/19/1967,323.44
6/26/1967,323.91
7/3/1967,323.91
7/10/1967,324.06
7/17/1967,324.41
7/24/1967,324.67
7/31/1967,324.98
8/7/1967,325.41
8/14/1967,325.78
8/21/1967,326.03
8/28/1967,
9/4/1967,326.82
9/11/1967,327.01
9/18/1967,
9/25/1967,328.11
10/2/1967,328.49
10/9/1967,328.62
10/16/1967,329.0
10/23/1967,329.25
10/30/1967,329.76
11/6/1967,329.76
11/13/1967,329.79
11/20/1967,
11/27/1967,329.84
12/4/1967,330.05
12/11/1967,329.94
12/18/1967,329.82
12/25/1967,329.8
1/1/1968,329.62
1/8/1968,
1/15/1968,329.44
1/22/1968,329.11
1/29/1968,
2/5/1968,328.56
2/12/1968,328.15
2/19/1968,328.07
2/26/1968,327.64
3/4/1968,
3/11/1968,326.89
3/18/1968,326.5
3/25/1968,326.13
4/1/1968,326.06
4/8/1968,325.88
4/15/1968,325.3
4/22/1968,325.28
4/29/1968,324.97
5/6/1968,324.83
5/13/1968,
5/20/1968,324.61
5/27/1968,324.67
6/3/1968,324.6
6/10/1968,324.77
6/17/1968,
6/24/1968,324.96
7/1/1968,325.08
7/8/1968,325.33
7/15/1968,
7/22/1968,325.98
7/29/1968,326.15
8/5/1968,326.59
8/12/1968,327.02
8/19/1968,327.15
8/26/1968,327.75
9/2/1968,328.02
9/9/1968,328.52
9/16/1968,328.77
9/23/1968,329.03
9/30/1968,329.4
10/7/1968,329.9
10/14/1968,330.22
10/21/1968,330.38
10/28/1968,330.78
11/4/1968,330.75
11/11/1968,331.08
11/18/1968,331.09
11/25/1968,
12/2/1968,331.33
12/9/1968,331.24
12/16/1968,
12/23/1968,
12/30/1968,331.0
1/6/1969,330.97
1/13/1969,330.58
1/20/1969,330.51
1/27/1969,330.33
2/3/1969,329.66
2/10/1969,329.52
2/17/1969,329.33
2/24/1969,328.92
3/3/1969,328.65
3/10/1969,328.21
3/17/1969,327.95
3/24/1969,327.61
3/31/1969,327.44
4/7/1969,327.07
4/14/1969,326.82
4/21/1969,326.52
4/28/1969,326.31
5/5/1969,326.16
5/12/1969,326.13
5/19/1969,325.96
5/26/1969,326.0
6/2/1969,326.18
6/9/1969,326.11
6/16/1969,326.09
6/23/1969,326.38
6/30/1969,326.39
7/7/1969,326.44
7/14/1969,326.79
7/21/1969,326.99
7/28/1969,327.45
8/4/1969,327.82
8/11/1969,328.35
8/18/1969,328.58
8/25/1969,328.91
9/1/1969,329.4
9/8/1969,329.48
9/15/1969,
9/22/1969,330.53
9/29/1969,330.65
10/6/1969,331.25
10/13/1969,331.48
10/20/1969,331.68
10/27/1969,332.03
11/3/1969,332.41
11/10/1969,332.37
11/17/1969,332.51
11/24/1969,332.53
12/1/1969,332.54
12/8/1969,332.71
12/15/1969,332.5
12/22/1969,332.51
12/29/1969,
1/5/1970,332.27
1/12/1970,
1/19/1970,331.9
1/26/1970,331.49
2/2/1970,331.23
2/9/1970,330.85
2/16/1970,330.59
2/23/1970,
3/2/1970,330.04
3/9/1970,329.54
3/16/1970,329.39
3/23/1970,
3/30/1970,328.72
4/6/1970,328.58
4/13/1970,328.05
4/20/1970,327.77
4/27/1970,327.52
5/4/1970,327.68
5/11/1970,327.47
5/18/1970,327.31
5/25/1970,327.3
6/1/1970,327.16
6/8/1970,327.56
6/15/1970,327.41
6/22/1970,
6/29/1970,327.77
7/6/1970,327.95
7/13/1970,328.17
7/20/1970,328.35
7/27/1970,328.78
8/3/1970,329.25
8/10/1970,329.55
8/17/1970,329.94
8/24/1970,330.11
8/31/1970,330.45
9/7/1970,330.92
9/14/1970,331.32
9/21/1970,331.79
9/28/1970,331.87
10/5/1970,332.53
10/12/1970,332.67
10/19/1970,332.93
10/26/1970,333.13
11/2/1970,333.28
11/9/1970,333.71
11/16/1970,333.77
11/23/1970,333.74
11/30/1970,333.79
12/7/1970,333.9
12/14/1970,334.07
12/21/1970,333.8
12/28/1970,333.56
1/4/1971,333.53
1/11/1971,333.34
1/18/1971,
1/25/1971,332.88
2/1/1971,332.59
2/8/1971,332.38
2/15/1971,332.18
2/22/1971,
3/1/1971,331.3
3/8/1971,330.88
3/15/1971,330.92
3/22/1971,330.34
3/29/1971,330.03
4/5/1971,329.74
4/12/1971,329.49
4/19/1971,329.22
4/26/1971,328.97
5/3/1971,328.8
5/10/1971,328.72
5/17/1971,328.58
5/24/1971,
5/31/1971,328.58
6/7/1971,328.58
6/14/1971,328.83
6/21/1971,328.54
6/28/1971,329.07
7/5/1971,329.29
7/12/1971,329.19
7/19/1971,329.64
7/26/1971,329.94
8/2/1971,330.16
8/9/1971,330.57
8/16/1971,330.9
8/23/1971,331.57
8/30/1971,331.87
9/6/1971,332.29
9/13/1971,332.62
9/20/1971,332.8
9/27/1971,333.23
10/4/1971,333.67
10/11/1971,333.81
10/18/1971,334.3
10/25/1971,
11/1/1971,334.67
11/8/1971,334.97
11/15/1971,335.09
11/22/1971,335.11
11/29/1971,335.33
12/6/1971,
12/13/1971,335.27
12/20/1971,335.2
12/27/1971,335.0
1/3/1972,334.92
1/10/1972,334.58
1/17/1972,334.58
1/24/1972,334.22
1/31/1972,333.91
2/7/1972,333.77
2/14/1972,333.28
2/21/1972,332.88
2/28/1972,
3/6/1972,
3/13/1972,
3/20/1972,331.87
3/27/1972,331.17
4/3/1972,331.26
4/10/1972,330.84
4/17/1972,330.57
4/24/1972,330.31
5/1/1972,330.23
5/8/1972,
5/15/1972,330.05
5/22/1972,329.9
5/29/1972,329.88
6/5/1972,329.86
6/12/1972,329.96
6/19/1972,330.11
6/26/1972,330.06
7/3/1972,330.29
7/10/1972,
7/17/1972,330.94
7/24/1972,331.2
7/31/1972,331.54
8/7/1972,331.92
8/14/1972,332.19
8/21/1972,332.55
8/28/1972,333.03
9/4/1972,333.3
9/11/1972,333.82
9/18/1972,333.98
9/25/1972,334.62
10/2/1972,334.91
10/9/1972,
10/16/1972,335.58
10/23/1972,335.91
10/30/1972,336.08
11/6/1972,335.98
11/13/1972,336.19
11/20/1972,336.37
11/27/1972,336.51
12/4/1972,336.58
12/11/1972,336.44
12/18/1972,336.47
12/25/1972,
1/1/1973,336.15
1/8/1973,335.9
1/15/1973,335.73
1/22/1973,335.45
1/29/1973,335.21
2/5/1973,335.12
2/12/1973,334.61
2/19/1973,334.64
2/26/1973,
3/5/1973,333.73
3/12/1973,333.29
3/19/1973,333.12
3/26/1973,332.68
4/2/1973,332.45
4/9/1973,332.42
4/16/1973,
4/23/1973,331.81
4/30/1973,331.44
5/7/1973,
5/14/1973,331.44
5/21/1973,331.13
5/28/1973,331.35
6/4/1973,331.26
6/11/1973,331.19
6/18/1973,331.42
6/25/1973,331.6
7/2/1973,331.75
7/9/1973,331.76
7/16/1973,332.1
7/23/1973,332.44
7/30/1973,332.77
8/6/1973,333.18
8/13/1973,333.5
8/20/1973,333.72
8/27/1973,334.28
9/3/1973,334.69
9/10/1973,335.06
9/17/1973,335.49
9/24/1973,335.83
10/1/1973,
10/8/1973,336.42
10/15/1973,336.56
10/22/1973,337.04
10/29/1973,337.26
11/5/1973,
11/12/1973,337.47
11/19/1973,
11/26/1973,337.9
12/3/1973,337.83
12/10/1973,337.89
12/17/1973,337.77
12/24/1973,337.68
12/31/1973,
1/7/1974,337.32
1/14/1974,337.17
1/21/1974,336.88
1/28/1974,336.62
2/4/1974,336.34
2/11/1974,336.08
2/18/1974,335.69
2/25/1974,335.53
3/4/1974,334.98
3/11/1974,334.72
3/18/1974,
3/25/1974,
4/1/1974,
4/8/1974,333.62
4/15/1974,333.11
4/22/1974,333.06
4/29/1974,332.93
5/6/1974,332.7
5/13/1974,332.68
5/20/1974,332.45
5/27/1974,332.61
6/3/1974,332.71
6/10/1974,
6/17/1974,332.59
6/24/1974,332.92
7/1/1974,333.11
7/8/1974,333.12
7/15/1974,333.38
7/22/1974,333.68
7/29/1974,333.89
8/5/1974,334.27
8/12/1974,334.62
8/19/1974,335.01
8/26/1974,335.47
9/2/1974,
9/9/1974,336.4
9/16/1974,336.52
9/23/1974,337.09
9/30/1974,337.32
10/7/1974,337.66
10/14/1974,338.04
10/21/1974,338.14
10/28/1974,338.53
11/4/1974,338.72
11/11/1974,338.92
11/18/1974,
11/25/1974,339.33
12/2/1974,339.06
12/9/1974,
12/16/1974,339.02
12/23/1974,338.94
12/30/1974,
1/6/1975,338.82
1/13/1975,338.65
1/20/1975,338.21
1/27/1975,337.93
2/3/1975,337.77
2/10/1975,337.36
2/17/1975,337.16
2/24/1975,336.79
3/3/1975,336.28
3/10/1975,336.25
3/17/1975,335.95
3/24/1975,335.39
3/31/1975,335.11
4/7/1975,334.89
4/14/1975,334.64
4/21/1975,334.44
4/28/1975,334.38
5/5/1975,334.0
5/12/1975,333.81
5/19/1975,333.67
5/26/1975,333.7
6/2/1975,333.77
6/9/1975,334.0
6/16/1975,333.86
6/23/1975,334.07
6/30/1975,
7/7/1975,334.55
7/14/1975,334.93
7/21/1975,334.9
7/28/1975,335.22
8/4/1975,335.7
8/11/1975,336.02
8/18/1975,336.51
8/25/1975,336.76
9/1/1975,337.05
9/8/1975,337.53
9/15/1975,337.96
9/22/1975,338.3
9/29/1975,338.63
10/6/1975,339.02
10/13/1975,339.34
10/20/1975,339.64
10/27/1975,
11/3/1975,339.95
11/10/1975,340.16
11/17/1975,340.4
11/24/1975,340.29
12/1/1975,340.46
12/8/1975,340.39
12/15/1975,340.4
12/22/1975,340.44
12/29/1975,340.21
1/5/1976,340.04
1/12/1976,
1/19/1976,339.69
1/26/1976,
2/2/1976,339.29
2/9/1976,338.74
2/16/1976,338.48
2/23/1976,338.15
3/1/1976,337.95
3/8/1976,337.45
3/15/1976,337.15
3/22/1976,336.86
3/29/1976,336.52
4/5/1976,336.17
4/12/1976,335.97
4/19/1976,
4/26/1976,
5/3/1976,335.35
5/10/1976,
5/17/1976,335.24
5/24/1976,334.92
5/31/1976,335.02
6/7/1976,335.15
6/14/1976,
6/21/1976,335.31
6/28/1976,335.43
7/5/1976,335.88
7/12/1976,335.78
7/19/1976,335.98
7/26/1976,336.55
8/2/1976,336.79
8/9/1976,337.09
8/16/1976,337.63
8/23/1976,337.96
8/30/1976,338.26
9/6/1976,
9/13/1976,339.17
9/20/1976,339.52
9/27/1976,339.81
10/4/1976,340.34
10/11/1976,340.36
10/18/1976,340.6
10/25/1976,340.94
11/1/1976,341.23
11/8/1976,341.44
11/15/1976,341.53
11/22/1976,341.69
11/29/1976,341.59
12/6/1976,341.88
12/13/1976,341.69
12/20/1976,341.74
12/27/1976,341.55
1/3/1977,341.41
1/10/1977,341.24
1/17/1977,341.0
1/24/1977,340.77
1/31/1977,340.56
2/7/1977,340.15
2/14/1977,339.89
2/21/1977,
2/28/1977,339.3
3/7/1977,338.75
3/14/1977,338.66
3/21/1977,338.16
3/28/1977,337.71
4/4/1977,
4/11/1977,337.22
4/18/1977,337.14
4/25/1977,336.78
5/2/1977,336.62
5/9/1977,336.34
5/16/1977,336.39
5/23/1977,336.14
5/30/1977,336.21
6/6/1977,336.48
6/13/1977,336.55
6/20/1977,336.64
6/27/1977,336.65
7/4/1977,336.94
7/11/1977,337.18
7/18/1977,337.34
7/25/1977,337.9
8/1/1977,338.16
8/8/1977,338.4
8/15/1977,338.79
8/22/1977,339.19
8/29/1977,339.34
9/5/1977,339.91
9/12/1977,340.25
9/19/1977,340.59
9/26/1977,341.02
10/3/1977,341.57
10/10/1977,341.78
10/17/1977,341.95
10/24/1977,342.33
10/31/1977,342.64
11/7/1977,342.78
11/14/1977,342.84
11/21/1977,342.88
11/28/1977,343.08
12/5/1977,343.07
12/12/1977,343.1
12/19/1977,343.01
12/26/1977,342.95
1/2/1978,342.64
1/9/1978,342.65
1/16/1978,342.32
1/23/1978,
1/30/1978,
2/6/1978,341.66
2/13/1978,341.19
2/20/1978,340.78
2/27/1978,340.46
3/6/1978,340.14
3/13/1978,339.88
3/20/1978,339.57
3/27/1978,339.15
4/3/1978,338.91
4/10/1978,338.85
4/17/1978,338.56
4/24/1978,338.22
5/1/1978,338.0
5/8/1978,337.87
5/15/1978,337.81
5/22/1978,337.59
5/29/1978,337.64
6/5/1978,337.52
6/12/1978,337.8
6/19/1978,337.93
6/26/1978,337.97
7/3/1978,338.37
7/10/1978,338.32
7/17/1978,338.56
7/24/1978,
7/31/1978,339.42
8/7/1978,339.83
8/14/1978,339.98
8/21/1978,340.5
8/28/1978,340.78
9/4/1978,
9/11/1978,341.64
9/18/1978,
9/25/1978,342.13
10/2/1978,342.78
10/9/1978,343.1
10/16/1978,343.19
10/23/1978,343.56
10/30/1978,343.81
11/6/1978,343.98
11/13/1978,344.06
11/20/1978,344.16
11/27/1978,
12/4/1978,
12/11/1978,344.37
12/18/1978,344.22
12/25/1978,
1/1/1979,343.74
1/8/1979,343.97
1/15/1979,343.47
1/22/1979,343.36
1/29/1979,343.02
2/5/1979,342.71
2/12/1979,342.64
2/19/1979,342.16
2/26/1979,341.91
3/5/1979,341.53
3/12/1979,341.25
3/19/1979,340.88
3/26/1979,340.43
4/2/1979,340.36
4/9/1979,339.93
4/16/1979,339.58
4/23/1979,339.47
4/30/1979,339.48
5/7/1979,339.26
5/14/1979,339.03
5/21/1979,338.96
5/28/1979,338.94
6/4/1979,339.19
6/11/1979,
6/18/1979,339.19
6/25/1979,339.39
7/2/1979,339.5
7/9/1979,339.67
7/16/1979,339.93
7/23/1979,
7/30/1979,340.55
8/6/1979,340.97
8/13/1979,341.26
8/20/1979,341.7
8/27/1979,342.0
9/3/1979,342.4
9/10/1979,342.58
9/17/1979,343.25
9/24/1979,343.56
10/1/1979,343.97
10/8/1979,343.91
10/15/1979,344.72
10/22/1979,344.77
10/29/1979,345.13
11/5/1979,345.12
11/12/1979,345.45
11/19/1979,345.41
11/26/1979,345.53
12/3/1979,345.82
12/10/1979,345.6
12/17/1979,345.6
12/24/1979,345.57
12/31/1979,345.4
1/7/1980,345.2
1/14/1980,345.02
1/21/1980,344.98
1/28/1980,344.47
2/4/1980,344.21
2/11/1980,343.99
2/18/1980,343.67
2/25/1980,343.35
3/3/1980,342.96
3/10/1980,342.45
3/17/1980,342.4
3/24/1980,
3/31/1980,341.64
4/7/1980,341.26
4/14/1980,341.07
4/21/1980,340.88
4/28/1980,340.69
5/5/1980,340.54
5/12/1980,340.54
5/19/1980,340.35
5/26/1980,340.25
6/2/1980,340.37
6/9/1980,340.45
6/16/1980,
6/23/1980,340.62
6/30/1980,
7/7/1980,340.92
7/14/1980,341.34
7/21/1980,341.47
7/28/1980,341.81
8/4/1980,342.12
8/11/1980,342.49
8/18/1980,342.75
8/25/1980,343.1
9/1/1980,343.79
9/8/1980,343.93
9/15/1980,344.29
9/22/1980,344.55
9/29/1980,345.05
10/6/1980,
10/13/1980,345.92
10/20/1980,346.13
10/27/1980,346.21
11/3/1980,346.71
11/10/1980,346.76
11/17/1980,346.76
11/24/1980,
12/1/1980,347.15
12/8/1980,346.79
12/15/1980,346.72
12/22/1980,346.91
12/29/1980,346.92
1/5/1981,346.66
1/12/1981,346.38
1/19/1981,346.15
1/26/1981,345.91
2/2/1981,345.62
2/9/1981,345.27
2/16/1981,344.93
2/23/1981,344.59
3/2/1981,344.18
3/9/1981,343.89
3/16/1981,
3/23/1981,343.26
3/30/1981,342.87
4/6/1981,342.57
4/13/1981,
4/20/1981,342.33
4/27/1981,342.08
5/4/1981,341.67
5/11/1981,341.6
5/18/1981,341.71
5/25/1981,341.47
6/1/1981,341.55
6/8/1981,341.67
6/15/1981,341.61
6/22/1981,
6/29/1981,341.87
7/6/1981,
7/13/1981,342.49
7/20/1981,342.58
7/27/1981,343.09
8/3/1981,
8/10/1981,
8/17/1981,344.12
8/24/1981,
8/31/1981,344.87
9/7/1981,345.2
9/14/1981,345.64
9/21/1981,346.05
9/28/1981,346.36
10/5/1981,346.69
10/12/1981,346.93
10/19/1981,347.22
10/26/1981,347.4
11/2/1981,347.93
11/9/1981,347.81
11/16/1981,348.0
11/23/1981,348.1
11/30/1981,348.31
12/7/1981,348.2
12/14/1981,348.32
12/21/1981,348.05
12/28/1981,348.03
1/4/1982,347.77
1/11/1982,
1/18/1982,347.31
1/25/1982,347.21
2/1/1982,346.96
2/8/1982,346.64
2/15/1982,346.26
2/22/1982,345.94
3/1/1982,345.62
3/8/1982,
3/15/1982,345.04
3/22/1982,344.85
3/29/1982,344.26
4/5/1982,343.89
4/12/1982,
4/19/1982,343.79
4/26/1982,343.24
5/3/1982,343.32
5/10/1982,343.19
5/17/1982,342.87
5/24/1982,342.93
5/31/1982,343.03
6/7/1982,342.87
6/14/1982,342.97
6/21/1982,
6/28/1982,343.17
7/5/1982,343.41
7/12/1982,343.59
7/19/1982,343.99
7/26/1982,344.21
8/2/1982,344.64
8/9/1982,344.81
8/16/1982,345.36
8/23/1982,345.79
8/30/1982,345.89
9/6/1982,346.51
9/13/1982,
9/20/1982,347.11
9/27/1982,347.76
10/4/1982,347.97
10/11/1982,348.18
10/18/1982,348.53
10/25/1982,348.85
11/1/1982,
11/8/1982,349.26
11/15/1982,349.26
11/22/1982,
11/29/1982,349.37
12/6/1982,349.52
12/13/1982,349.42
12/20/1982,349.36
12/27/1982,349.45
1/3/1983,349.29
1/10/1983,349.05
1/17/1983,348.67
1/24/1983,
1/31/1983,348.37
2/7/1983,347.97
2/14/1983,347.87
2/21/1983,347.35
2/28/1983,347.0
3/7/1983,346.61
3/14/1983,
3/21/1983,345.97
3/28/1983,345.74
4/4/1983,345.48
4/11/1983,345.03
4/18/1983,344.73
4/25/1983,344.47
5/2/1983,344.53
5/9/1983,344.23
5/16/1983,344.03
5/23/1983,344.22
5/30/1983,344.42
6/6/1983,344.2
6/13/1983,344.35
6/20/1983,344.39
6/27/1983,344.53
7/4/1983,344.83
7/11/1983,
7/18/1983,345.26
7/25/1983,345.56
8/1/1983,
8/8/1983,
8/15/1983,346.54
8/22/1983,346.86
8/29/1983,347.37
9/5/1983,347.62
9/12/1983,348.09
9/19/1983,348.46
9/26/1983,348.94
10/3/1983,349.22
10/10/1983,349.49
10/17/1983,349.87
10/24/1983,350.19
10/31/1983,350.34
11/7/1983,350.47
11/14/1983,
11/21/1983,350.63
11/28/1983,350.78
12/5/1983,350.77
12/12/1983,350.8
12/19/1983,350.76
12/26/1983,
1/2/1984,350.5
1/9/1984,350.38
1/16/1984,350.12
1/23/1984,349.67
1/30/1984,349.51
2/6/1984,349.29
2/13/1984,348.87
2/20/1984,348.73
2/27/1984,348.49
3/5/1984,348.12
3/12/1984,347.64
3/19/1984,347.49
3/26/1984,347.04
4/2/1984,346.7
4/9/1984,346.39
4/16/1984,346.18
4/23/1984,345.95
4/30/1984,345.83
5/7/1984,345.68
5/14/1984,345.56
5/21/1984,345.53
5/28/1984,345.59
6/4/1984,
6/11/1984,345.4
6/18/1984,345.4
6/25/1984,345.9
7/2/1984,345.86
7/9/1984,346.2
7/16/1984,346.37
7/23/1984,346.59
7/30/1984,347.15
8/6/1984,347.51
8/13/1984,347.74
8/20/1984,347.91
8/27/1984,348.5
9/3/1984,348.98
9/10/1984,349.17
9/17/1984,349.72
9/24/1984,
10/1/1984,350.47
10/8/1984,350.75
10/15/1984,350.94
10/22/1984,351.43
10/29/1984,
11/5/1984,351.74
11/12/1984,351.81
11/19/1984,351.98
11/26/1984,352.01
12/3/1984,352.11
12/10/1984,352.29
12/17/1984,351.93
12/24/1984,351.81
12/31/1984,351.98
1/7/1985,351.64
1/14/1985,
1/21/1985,351.32
1/28/1985,350.89
2/4/1985,350.84
2/11/1985,
2/18/1985,349.98
2/25/1985,349.91
3/4/1985,349.3
3/11/1985,349.1
3/18/1985,348.73
3/25/1985,348.51
4/1/1985,348.24
4/8/1985,347.81
4/15/1985,347.48
4/22/1985,347.37
4/29/1985,347.07
5/6/1985,347.19
5/13/1985,346.89
5/20/1985,346.76
5/27/1985,346.79
6/3/1985,346.65
6/10/1985,346.74
6/17/1985,347.06
6/24/1985,347.01
7/1/1985,
7/8/1985,347.53
7/15/1985,347.85
7/22/1985,348.09
7/29/1985,348.43
8/5/1985,348.6
8/12/1985,348.89
8/19/1985,349.55
8/26/1985,349.75
9/2/1985,350.14
9/9/1985,350.69
9/16/1985,350.99
9/23/1985,351.35
9/30/1985,351.87
10/7/1985,351.92
10/14/1985,352.38
10/21/1985,352.57
10/28/1985,352.83
11/4/1985,353.16
11/11/1985,353.23
11/18/1985,353.36
11/25/1985,
12/2/1985,353.39
12/9/1985,353.34
12/16/1985,353.28
12/23/1985,353.1
12/30/1985,
1/6/1986,352.89
1/13/1986,352.77
1/20/1986,352.53
1/27/1986,
2/3/1986,
2/10/1986,351.79
2/17/1986,351.33
2/24/1986,351.04
3/3/1986,350.75
3/10/1986,350.36
3/17/1986,350.22
3/24/1986,349.79
3/31/1986,349.51
4/7/1986,349.22
4/14/1986,349.01
4/21/1986,348.68
4/28/1986,348.34
5/5/1986,348.35
5/12/1986,348.12
5/19/1986,348.06
5/26/1986,348.13
6/2/1986,348.2
6/9/1986,348.13
6/16/1986,
6/23/1986,348.52
6/30/1986,348.55
7/7/1986,349.0
7/14/1986,349.04
7/21/1986,349.09
7/28/1986,349.65
8/4/1986,349.95
8/11/1986,350.39
8/18/1986,350.7
8/25/1986,351.0
9/1/1986,351.28
9/8/1986,351.76
9/15/1986,352.08
9/22/1986,352.48
9/29/1986,352.95
10/6/1986,353.39
10/13/1986,353.57
10/20/1986,353.69
10/27/1986,
11/3/1986,354.4
11/10/1986,354.39
11/17/1986,354.57
11/24/1986,354.68
12/1/1986,354.65
12/8/1986,354.79
12/15/1986,354.68
12/22/1986,354.65
12/29/1986,354.4
1/5/1987,354.29
1/12/1987,354.21
1/19/1987,353.87
1/26/1987,353.82
2/2/1987,353.33
2/9/1987,353.09
2/16/1987,352.84
2/23/1987,352.27
3/2/1987,
3/9/1987,351.59
3/16/1987,351.54
3/23/1987,351.04
3/30/1987,351.04
4/6/1987,350.44
4/13/1987,350.26
4/20/1987,350.16
4/27/1987,350.0
5/4/1987,349.84
5/11/1987,349.63
5/18/1987,349.52
5/25/1987,
6/1/1987,349.45
6/8/1987,349.36
6/15/1987,349.42
6/22/1987,349.62
6/29/1987,349.77
7/6/1987,349.95
7/13/1987,350.31
7/20/1987,
7/27/1987,350.83
8/3/1987,351.3
8/10/1987,
8/17/1987,351.85
8/24/1987,352.17
8/31/1987,352.44
9/7/1987,353.01
9/14/1987,353.39
9/21/1987,353.92
9/28/1987,354.19
10/5/1987,354.36
10/12/1987,354.97
10/19/1987,
10/26/1987,355.38
11/2/1987,355.52
11/9/1987,355.63
11/16/1987,355.83
11/23/1987,356.07
11/30/1987,356.21
12/7/1987,356.19
12/14/1987,355.95
12/21/1987,355.82
12/28/1987,355.83
1/4/1988,355.48
1/11/1988,355.5
1/18/1988,355.23
1/25/1988,354.95
2/1/1988,354.56
2/8/1988,354.47
2/15/1988,354.05
2/22/1988,353.66
2/29/1988,353.15
3/7/1988,353.1
3/14/1988,352.95
3/21/1988,352.61
3/28/1988,352.09
4/4/1988,351.79
4/11/1988,351.63
4/18/1988,351.24
4/25/1988,351.17
5/2/1988,351.04
5/9/1988,350.95
5/16/1988,350.72
5/23/1988,350.66
5/30/1988,350.58
6/6/1988,350.62
6/13/1988,350.76
6/20/1988,350.93
6/27/1988,351.15
7/4/1988,351.18
7/11/1988,351.64
7/18/1988,
7/25/1988,352.06
8/1/1988,352.31
8/8/1988,352.49
8/15/1988,353.19
8/22/1988,353.55
8/29/1988,353.83
9/5/1988,354.25
9/12/1988,354.68
9/19/1988,354.85
9/26/1988,355.31
10/3/1988,
10/10/1988,355.9
10/17/1988,356.35
10/24/1988,356.44
10/31/1988,356.85
11/7/1988,356.99
11/14/1988,
11/21/1988,
11/28/1988,357.24
12/5/1988,357.25
12/12/1988,357.33
12/19/1988,357.36
12/26/1988,357.04
1/2/1989,357.0
1/9/1989,356.85
1/16/1989,356.66
1/23/1989,
1/30/1989,356.03
2/6/1989,355.69
2/13/1989,355.47
2/20/1989,355.03
2/27/1989,354.51
3/6/1989,354.51
3/13/1989,354.22
3/20/1989,353.57
3/27/1989,353.39
4/3/1989,
4/10/1989,353.13
4/17/1989,352.69
4/24/1989,352.4
5/1/1989,352.27
5/8/1989,352.29
5/15/1989,351.98
5/22/1989,351.91
5/29/1989,351.92
6/5/1989,351.9
6/12/1989,352.07
6/19/1989,352.34
6/26/1989,352.36
7/3/1989,352.49
7/10/1989,352.72
7/17/1989,352.86
7/24/1989,
7/31/1989,353.62
8/7/1989,353.95
8/14/1989,354.65
8/21/1989,354.74
8/28/1989,355.02
9/4/1989,355.44
9/11/1989,355.98
9/18/1989,356.25
9/25/1989,356.46
10/2/1989,357.04
10/9/1989,357.2
10/16/1989,357.75
10/23/1989,357.94
10/30/1989,358.02
11/6/1989,
11/13/1989,
11/20/1989,358.62
11/27/1989,358.65
12/4/1989,358.55
12/11/1989,358.55
12/18/1989,358.66
12/25/1989,
1/1/1990,358.28
1/8/1990,358.05
1/15/1990,357.97
1/22/1990,357.9
1/29/1990,357.31
2/5/1990,357.13
2/12/1990,356.96
2/19/1990,356.48
2/26/1990,356.21
3/5/1990,355.72
3/12/1990,355.53
3/19/1990,355.14
3/26/1990,354.95
4/2/1990,354.67
4/9/1990,
4/16/1990,354.08
4/23/1990,353.84
4/30/1990,353.64
5/7/1990,353.44
5/14/1990,353.4
5/21/1990,353.26
5/28/1990,353.28
6/4/1990,353.42
6/11/1990,353.25
6/18/1990,353.56
6/25/1990,353.73
7/2/1990,353.77
7/9/1990,353.79
7/16/1990,354.2
7/23/1990,354.68
7/30/1990,354.87
8/6/1990,355.11
8/13/1990,355.52
8/20/1990,356.03
8/27/1990,356.38
9/3/1990,356.69
9/10/1990,357.06
9/17/1990,357.43
9/24/1990,357.75
10/1/1990,358.35
10/8/1990,358.48
10/15/1990,358.94
10/22/1990,359.24
10/29/1990,359.43
11/5/1990,359.49
11/12/1990,359.73
11/19/1990,359.81
11/26/1990,359.8
12/3/1990,359.96
12/10/1990,359.8
12/17/1990,
12/24/1990,359.73
12/31/1990,359.67
1/7/1991,359.51
1/14/1991,359.25
1/21/1991,359.09
1/28/1991,
2/4/1991,358.57
2/11/1991,358.04
2/18/1991,357.86
2/25/1991,357.71
3/4/1991,357.08
3/11/1991,
3/18/1991,356.57
3/25/1991,356.22
4/1/1991,355.94
4/8/1991,
4/15/1991,355.43
4/22/1991,355.25
4/29/1991,354.99
5/6/1991,354.77
5/13/1991,354.75
5/20/1991,354.79
5/27/1991,
6/3/1991,
6/10/1991,354.74
6/17/1991,354.72
6/24/1991,354.65
7/1/1991,355.13
7/8/1991,355.21
7/15/1991,
7/22/1991,355.83
7/29/1991,356.13
8/5/1991,356.52
8/12/1991,356.76
8/19/1991,357.23
8/26/1991,357.53
9/2/1991,358.02
9/9/1991,358.39
9/16/1991,358.61
9/23/1991,359.18
9/30/1991,359.37
10/7/1991,359.84
10/14/1991,360.1
10/21/1991,360.53
10/28/1991,360.56
11/4/1991,360.76
11/11/1991,360.96
11/18/1991,361.07
11/25/1991,
12/2/1991,361.06
12/9/1991,361.12
12/16/1991,361.08
12/23/1991,361.19
12/30/1991,361.15
1/6/1992,360.8
1/13/1992,360.59
1/20/1992,360.39
1/27/1992,360.24
2/3/1992,359.74
2/10/1992,359.55
2/17/1992,359.31
2/24/1992,358.93
3/2/1992,358.56
3/9/1992,
3/16/1992,357.61
3/23/1992,357.63
3/30/1992,357.19
4/6/1992,356.79
4/13/1992,356.76
4/20/1992,356.62
4/27/1992,356.27
5/4/1992,356.22
5/11/1992,356.16
5/18/1992,356.04
5/25/1992,356.04
6/1/1992,
6/8/1992,355.93
6/15/1992,355.85
6/22/1992,356.11
6/29/1992,356.23
7/6/1992,356.74
7/13/1992,356.75
7/20/1992,357.06
7/27/1992,357.41
8/3/1992,357.69
8/10/1992,358.21
8/17/1992,358.35
8/24/1992,358.81
8/31/1992,359.1
9/7/1992,359.43
9/14/1992,359.88
9/21/1992,360.31
9/28/1992,360.62
10/5/1992,360.93
10/12/1992,361.17
10/19/1992,361.59
10/26/1992,
11/2/1992,
11/9/1992,362.25
11/16/1992,362.23
11/23/1992,362.44
11/30/1992,
12/7/1992,362.56
12/14/1992,362.63
12/21/1992,362.23
12/28/1992,362.31
1/4/1993,362.13
1/11/1993,362.02
1/18/1993,
1/25/1993,361.39
2/1/1993,
2/8/1993,360.81
2/15/1993,360.68
2/22/1993,360.24
3/1/1993,
3/8/1993,
3/15/1993,359.17
3/22/1993,
3/29/1993,
4/5/1993,358.16
4/12/1993,358.08
4/19/1993,357.87
4/26/1993,357.46
5/3/1993,357.54
5/10/1993,357.27
5/17/1993,357.24
5/24/1993,357.34
5/31/1993,357.26
6/7/1993,357.18
6/14/1993,357.2
6/21/1993,357.2
6/28/1993,357.51
7/5/1993,357.76
7/12/1993,357.92
7/19/1993,358.28
7/26/1993,358.6
8/2/1993,
8/9/1993,359.21
8/16/1993,359.66
8/23/1993,360.06
8/30/1993,360.29
9/6/1993,360.93
9/13/1993,361.16
9/20/1993,361.55
9/27/1993,361.97
10/4/1993,
10/11/1993,
10/18/1993,362.88
10/25/1993,363.04
11/1/1993,363.36
11/8/1993,363.4
11/15/1993,363.66
11/22/1993,363.75
11/29/1993,363.79
12/6/1993,363.82
12/13/1993,
12/20/1993,363.68
12/27/1993,363.63
1/3/1994,363.49
1/10/1994,363.18
1/17/1994,363.19
1/24/1994,362.73
1/31/1994,362.64
2/7/1994,362.28
2/14/1994,361.86
2/21/1994,
2/28/1994,361.14
3/7/1994,
3/14/1994,360.7
3/21/1994,360.2
3/28/1994,360.1
4/4/1994,359.64
4/11/1994,359.43
4/18/1994,359.19
4/25/1994,358.94
5/2/1994,
5/9/1994,358.72
5/16/1994,358.36
5/23/1994,
5/30/1994,358.3
6/6/1994,358.6
6/13/1994,358.68
6/20/1994,
6/27/1994,358.8
7/4/1994,358.93
7/11/1994,359.25
7/18/1994,359.51
7/25/1994,359.92
8/1/1994,360.3
8/8/1994,360.65
8/15/1994,360.82
8/22/1994,361.23
8/29/1994,361.47
9/5/1994,361.94
9/12/1994,
9/19/1994,362.94
9/26/1994,363.02
10/3/1994,363.42
10/10/1994,363.8
10/17/1994,364.13
10/24/1994,364.28
10/31/1994,364.63
11/7/1994,364.73
11/14/1994,364.93
11/21/1994,365.1
11/28/1994,365.11
12/5/1994,365.09
12/12/1994,365.1
12/19/1994,365.04
12/26/1994,364.91
1/2/1995,364.78
1/9/1995,364.78
1/16/1995,364.46
1/23/1995,364.13
1/30/1995,363.96
2/6/1995,
2/13/1995,363.4
2/20/1995,362.99
2/27/1995,362.61
3/6/1995,362.33
3/13/1995,361.8
3/20/1995,361.52
3/27/1995,361.2
4/3/1995,361.03
4/10/1995,360.92
4/17/1995,360.72
4/24/1995,360.35
5/1/1995,360.15
5/8/1995,359.78
5/15/1995,359.8
5/22/1995,359.71
5/29/1995,359.71
6/5/1995,359.77
6/12/1995,359.81
6/19/1995,359.77
6/26/1995,360.19
7/3/1995,360.2
7/10/1995,360.55
7/17/1995,361.0
7/24/1995,
7/31/1995,361.15
8/7/1995,361.72
8/14/1995,362.22
8/21/1995,362.68
8/28/1995,362.74
9/4/1995,363.3
9/11/1995,363.59
9/18/1995,364.0
9/25/1995,364.64
10/2/1995,
10/9/1995,365.07
10/16/1995,365.39
10/23/1995,365.72
10/30/1995,365.86
11/6/1995,366.08
11/13/1995,
11/20/1995,366.35
11/27/1995,366.37
12/4/1995,366.49
12/11/1995,366.38
12/18/1995,366.4
12/25/1995,366.26
1/1/1996,366.24
1/8/1996,365.95
1/15/1996,365.57
1/22/1996,365.63
1/29/1996,365.15
2/5/1996,
2/12/1996,364.58
2/19/1996,364.45
2/26/1996,363.77
3/4/1996,363.96
3/11/1996,363.42
3/18/1996,363.01
3/25/1996,362.66
4/1/1996,362.4
4/8/1996,362.15
4/15/1996,361.91
4/22/1996,361.68
4/29/1996,361.44
5/6/1996,361.26
5/13/1996,361.15
5/20/1996,361.08
5/27/1996,361.18
6/3/1996,361.14
6/10/1996,360.85
6/17/1996,361.31
6/24/1996,361.4
7/1/1996,361.57
7/8/1996,
7/15/1996,362.16
7/22/1996,362.43
7/29/1996,362.57
8/5/1996,363.03
8/12/1996,363.25
8/19/1996,363.58
8/26/1996,364.03
9/2/1996,364.57
9/9/1996,364.96
9/16/1996,365.3
9/23/1996,365.68
9/30/1996,366.01
10/7/1996,366.23
10/14/1996,366.64
10/21/1996,366.95
10/28/1996,367.19
11/4/1996,
11/11/1996,367.55
11/18/1996,367.64
11/25/1996,367.8
12/2/1996,367.73
12/9/1996,367.64
12/16/1996,367.66
12/23/1996,
12/30/1996,367.39
1/6/1997,
1/13/1997,367.01
1/20/1997,366.82
1/27/1997,366.4
2/3/1997,366.32
2/10/1997,366.0
2/17/1997,365.59
2/24/1997,365.41
3/3/1997,365.1
3/10/1997,364.51
3/17/1997,364.27
3/24/1997,363.95
3/31/1997,363.63
4/7/1997,363.52
4/14/1997,363.17
4/21/1997,
4/28/1997,
5/5/1997,362.67
5/12/1997,362.36
5/19/1997,362.41
5/26/1997,362.4
6/2/1997,362.51
6/9/1997,362.3
6/16/1997,
6/23/1997,
6/30/1997,
7/7/1997,363.17
7/14/1997,363.32
7/21/1997,363.53
7/28/1997,363.97
8/4/1997,364.13
8/11/1997,364.63
8/18/1997,365.0
8/25/1997,365.43
9/1/1997,365.99
9/8/1997,366.14
9/15/1997,366.43
9/22/1997,366.85
9/29/1997,367.02
10/6/1997,367.47
10/13/1997,367.8
10/20/1997,368.07
10/27/1997,368.39
11/3/1997,368.5
11/10/1997,368.87
11/17/1997,
11/24/1997,368.98
12/1/1997,368.99
12/8/1997,369.04
12/15/1997,369.07
12/22/1997,368.82
12/29/1997,368.72
1/5/1998,368.59
1/12/1998,368.29
1/19/1998,368.12
1/26/1998,367.89
2/2/1998,367.74
2/9/1998,367.38
2/16/1998,367.05
2/23/1998,366.79
3/2/1998,366.35
3/9/1998,366.07
3/16/1998,365.69
3/23/1998,365.41
3/30/1998,
4/6/1998,
4/13/1998,364.52
4/20/1998,364.44
4/27/1998,364.19
5/4/1998,364.03
5/11/1998,363.93
5/18/1998,
5/25/1998,363.69
6/1/1998,363.61
6/8/1998,363.68
6/15/1998,363.86
6/22/1998,364.05
6/29/1998,364.08
7/6/1998,364.26
7/13/1998,
7/20/1998,
7/27/1998,
8/3/1998,365.23
8/10/1998,365.76
8/17/1998,366.06
8/24/1998,366.51
8/31/1998,
9/7/1998,367.29
9/14/1998,367.86
9/21/1998,368.12
9/28/1998,368.47
10/5/1998,368.84
10/12/1998,368.98
10/19/1998,369.48
10/26/1998,
11/2/1998,369.91
11/9/1998,369.92
11/16/1998,370.01
11/23/1998,370.35
11/30/1998,370.36
12/7/1998,370.24
12/14/1998,370.21
12/21/1998,370.34
12/28/1998,369.99
1/4/1999,
1/11/1999,369.67
1/18/1999,
1/25/1999,369.25
2/1/1999,369.07
2/8/1999,368.65
2/15/1999,368.37
2/22/1999,368.07
3/1/1999,367.63
3/8/1999,367.47
3/15/1999,
3/22/1999,366.71
3/29/1999,366.33
4/5/1999,365.88
4/12/1999,365.85
4/19/1999,365.88
4/26/1999,365.51
5/3/1999,365.26
5/10/1999,365.1
5/17/1999,365.03
5/24/1999,365.03
5/31/1999,364.85
6/7/1999,365.12
6/14/1999,365.15
6/21/1999,365.27
6/28/1999,365.41
7/5/1999,
7/12/1999,365.87
7/19/1999,
7/26/1999,366.34
8/2/1999,366.64
8/9/1999,367.06
8/16/1999,367.57
8/23/1999,367.67
8/30/1999,368.03
9/6/1999,368.58
9/13/1999,368.95
9/20/1999,369.34
9/27/1999,369.7
10/4/1999,370.0
10/11/1999,370.49
10/18/1999,370.47
10/25/1999,370.8
11/1/1999,371.1
11/8/1999,371.13
11/15/1999,371.43
11/22/1999,371.72
11/29/1999,371.62
12/6/1999,371.66
12/13/1999,371.48
12/20/1999,371.48
12/27/1999,371.4
1/3/2000,
1/10/2000,371.23
1/17/2000,
1/24/2000,370.52
1/31/2000,370.38
2/7/2000,370.11
2/14/2000,369.86
2/21/2000,369.58
2/28/2000,368.99
3/6/2000,368.67
3/13/2000,368.29
3/20/2000,
3/27/2000,367.83
4/3/2000,367.59
4/10/2000,367.21
4/17/2000,
4/24/2000,
5/1/2000,366.5
5/8/2000,366.65
5/15/2000,366.18
5/22/2000,366.3
5/29/2000,366.47
6/5/2000,366.3
6/12/2000,366.35
6/19/2000,366.44
6/26/2000,366.61
7/3/2000,
7/10/2000,366.84
7/17/2000,367.48
7/24/2000,367.48
7/31/2000,
8/7/2000,
8/14/2000,368.71
8/21/2000,
8/28/2000,369.45
9/4/2000,370.0
9/11/2000,370.04
9/18/2000,370.57
9/25/2000,370.85
10/2/2000,371.3
10/9/2000,371.58
10/16/2000,371.81
10/23/2000,372.19
10/30/2000,372.55
11/6/2000,
11/13/2000,372.79
11/20/2000,372.71
11/27/2000,372.81
12/4/2000,372.98
12/11/2000,373.06
12/18/2000,372.89
12/25/2000,372.72
1/1/2001,372.61
1/8/2001,372.31
1/15/2001,372.28
1/22/2001,372.07
1/29/2001,371.67
2/5/2001,371.37
2/12/2001,371.13
2/19/2001,370.74
2/26/2001,370.44
3/5/2001,370.32
3/12/2001,369.75
3/19/2001,369.42
3/26/2001,369.07
4/2/2001,368.91
4/9/2001,368.55
4/16/2001,368.25
4/23/2001,368.23
4/30/2001,368.06
5/7/2001,367.71
5/14/2001,367.47
5/21/2001,367.69
5/28/2001,367.5
6/4/2001,367.67
6/11/2001,367.45
6/18/2001,367.84
6/25/2001,367.78
7/2/2001,368.16
7/9/2001,368.31
7/16/2001,368.48
7/23/2001,368.82
7/30/2001,369.25
8/6/2001,369.53
8/13/2001,369.94
8/20/2001,370.45
8/27/2001,370.48
9/3/2001,371.19
9/10/2001,371.42
9/17/2001,371.7
9/24/2001,372.02
10/1/2001,372.48
10/8/2001,372.92
10/15/2001,373.11
10/22/2001,373.55
10/29/2001,373.49
11/5/2001,373.83
11/12/2001,373.87
11/19/2001,374.15
11/26/2001,374.28
12/3/2001,374.19
12/10/2001,373.96
12/17/2001,374.19
12/24/2001,374.12
12/31/2001,373.98
1/7/2002,
1/14/2002,373.46
1/21/2002,373.39
1/28/2002,373.18
2/4/2002,372.59
2/11/2002,372.49
2/18/2002,372.09
2/25/2002,371.8
3/4/2002,371.51
3/11/2002,371.09
3/18/2002,370.74
3/25/2002,370.5
4/1/2002,370.08
4/8/2002,369.8
4/15/2002,
4/22/2002,369.32
4/29/2002,369.31
5/6/2002,369.14
5/13/2002,368.8
5/20/2002,368.83
5/27/2002,368.99
6/3/2002,368.78
6/10/2002,368.89
6/17/2002,369.08
6/24/2002,369.25
7/1/2002,369.33
7/8/2002,369.51
7/15/2002,
7/22/2002,370.28
7/29/2002,370.52
8/5/2002,370.77
8/12/2002,371.04
8/19/2002,371.41
8/26/2002,371.92
9/2/2002,372.3
9/9/2002,
